[
  {
    "id": "c50c8995-9cba-4283-ab6c-d8bbc71b12ff",
    "data": [
      {
        "text": "そうする",
        "userDefined": false
      }
    ],
    "isTemplate": false,
    "count": 0,
    "updated": 1497437558
  },
  {
    "id": "437a7eb7-4c94-46a0-955d-1b1f5d213e27",
    "data": [
      {
        "text": "もちろん",
        "userDefined": false
      }
    ],
    "isTemplate": false,
    "count": 1,
    "updated": 1497437558
  },
  {
    "id": "fa7089de-c79b-41da-af51-fdd2bc1c35ec",
    "data": [
      {
        "text": "賛成です",
        "userDefined": false
      }
    ],
    "isTemplate": false,
    "count": 0,
    "updated": 1497463322
  },
  {
    "id": "d108b1de-412a-47b5-9288-c920eb556e0e",
    "data": [
      {
        "text": "はい",
        "userDefined": false
      }
    ],
    "isTemplate": false,
    "count": 2,
    "updated": 1497437558
  },
  {
    "id": "30bb342b-24e3-488e-877c-3b3184d2d80e",
    "data": [
      {
        "text": "やって",
        "userDefined": false
      }
    ],
    "isTemplate": false,
    "count": 2,
    "updated": 1497437558
  },
  {
    "id": "42111e39-1c78-4330-86c2-7b4fa2993248",
    "data": [
      {
        "text": "そのとおり",
        "userDefined": false
      }
    ],
    "isTemplate": false,
    "count": 1,
    "updated": 1497437558
  },
  {
    "id": "26738825-f092-47a1-9203-fe6dba308b16",
    "data": [
      {
        "text": "同意します",
        "userDefined": false
      }
    ],
    "isTemplate": false,
    "count": 3,
    "updated": 1497463322
  },
  {
    "id": "ebfa45d1-2d56-4995-b6c3-79ff974754f5",
    "data": [
      {
        "text": "いいよ",
        "userDefined": false
      }
    ],
    "isTemplate": false,
    "count": 1,
    "updated": 1497437558
  },
  {
    "id": "43dc8e0d-c532-499f-be8f-52cd09adba79",
    "data": [
      {
        "text": "そうだね",
        "userDefined": false
      }
    ],
    "isTemplate": false,
    "count": 1,
    "updated": 1497437558
  },
  {
    "id": "afc9434c-09a9-424b-bac7-75a273b7f62e",
    "data": [
      {
        "text": "そうしよう",
        "userDefined": false
      }
    ],
    "isTemplate": false,
    "count": 1,
    "updated": 1497437558
  }
]