[
  {
    "id": "e9d91df0-2b10-4535-ae91-44b6f41939e4",
    "data": [
      {
        "text": "わんわん",
        "userDefined": false
      }
    ],
    "isTemplate": false,
    "count": 0,
    "updated": 1538915908
  },
  {
    "id": "742806f1-ca06-4b69-b007-957312670a5f",
    "data": [
      {
        "text": "今日の",
        "alias": "date",
        "meta": "@sys.date",
        "userDefined": false
      },
      {
        "text": "わんこ教えて",
        "userDefined": false
      }
    ],
    "isTemplate": false,
    "count": 0,
    "updated": 1538915908
  },
  {
    "id": "0877e5eb-196c-4c55-9667-c70a65228f93",
    "data": [
      {
        "text": "今日の",
        "alias": "date",
        "meta": "@sys.date",
        "userDefined": false
      },
      {
        "text": "ワンコ教えて",
        "userDefined": false
      }
    ],
    "isTemplate": false,
    "count": 0,
    "updated": 1538915908
  },
  {
    "id": "e8453bcd-6a85-4eec-b0f6-31ba80a4170f",
    "data": [
      {
        "text": "今日の",
        "alias": "date",
        "meta": "@sys.date",
        "userDefined": false
      },
      {
        "text": "わんこ",
        "userDefined": false
      }
    ],
    "isTemplate": false,
    "count": 0,
    "updated": 1538915908
  }
]